Interface,Description,MAC Address,,,,,,
NHLEMSPR051489,NHLEMSPR051489,30:E1:71:80:8A:17,,,,,,
NHLEMSPR051540,NHLEMSPR051540,30:E1:71:7F:B4:3D,,,,,,
NHLEMFHBO411B,NHLEMFHBO411B,D8:9E:F3:4B:F3:43,,,,,,
NHLEMFFLT405AA,NHLEMFFLT405AA,9C:7B:EF:AE:78:37,,,,,,
NHLEMHHCPHA162,NHLEMHHCPHA162,DC:4A:3E:55:59:38,,,,,,
NHLEMSPR051401,NHLEMSPR051401,30:E1:71:81:8A:60,,,,,,
NHLEMLABDB1170,NHLEMLABDB1170,FC:45:96:20:D4:C7,,,,,,
NHLEMLIAPANSPO,NHLEMLIAPANSPO,00:0D:05:07:DB:D4,,,,,,
NHLEM-VM-HISPAC,NHLEM-VM-HISPAC,00:50:56:95:1B:7A,,,,,,
NHLEMLIAPANSOR4,NHLEMLIAPANSOR4,00:0D:05:07:DB:F6,,,,,,
NHLEMLIAPANSOR3,NHLEMLIAPANSOR3,00:0D:05:07:DB:8A,,,,,,
NHLEMLIAPANSOR2,NHLEMLIAPANSOR2,00:0D:05:07:DB:D8,,,,,,
NHLEMLIAPANSOR1,NHLEMLIAPANSOR1,00:0D:05:07:DB:EE,,,,,,
NHLEMLIAEREG,NHLEMLIAEREG,9C:7B:EF:AE:7A:0D,,,,,,
NHLEMSURG2235,NHLEMSURG2235,30:E1:71:81:CF:98,,,,,,
NHLEMOR2217,NHLEMOR2217,DC:4A:3E:54:BF:80,,,,,,
NHLEMFFLT405HH,NHLEMFFLT405HH,C4:34:6B:6E:B7:85,,,,,,
NHLEMMM1120I,NHLEMMM1120I,30:E1:71:80:80:D1,,,,,,
NHLEMHHCFLT149,NHLEMHHCFLT149,DC:4A:3E:55:9A:27,,,,,,
NHLEMHHCFLT144,NHLEMHHCFLT144,DC:4A:3E:54:C0:D6,,,,,,
NHLEMHHCFLT140,NHLEMHHCFLT140,DC:4A:3E:54:C2:4A,,,,,,
NHLEMHHCFLT137,NHLEMHHCFLT137,DC:4A:3E:55:59:56,,,,,,
NHLEMHHCAUD176,NHLEMHHCAUD176,B8:CA:3A:A6:13:6E,,,,,,
NHLEMDERMCAM,NHLEMDERMCAM,B8:8A:60:DF:C6:18,,,,,,
NHLEMHHCFLT174,NHLEMHHCFLT174,C8:D3:FF:A8:07:37,,,,,,
NHLEMWK6492RJV,NHLEMWK6492RJV,DC:4A:3E:55:99:B7,,,,,,
NHLEMMH1295C,NHLEMMH1295C,FC:45:96:21:18:3A,,,,,,
NHLEMFFM132A,NHLEMFFM132A,64:51:06:3D:34:FB,,,,,,
NHLEMFFM114E,NHLEMFFM114E,64:51:06:3D:34:F6,,,,,,
NHLEMIH08B,NHLEMIH08B,DC:4A:3E:55:97:91,,,,,,
NHLEMITIVANTI,NHLEMITIVANTI,00:50:56:A6:79:F2,,,,,,
NHLEMASTC9B,NHLEMASTC9B,54:BF:64:63:6C:1D,,,,,,
NHLEMASTC16A,NHLEMASTC16A,54:BF:64:64:23:BC,,,,,,
NHLEMSPR051309,NHLEMSPR051309,FC:45:96:21:18:3E,,,,,,
NHLEMFFLT405J,NHLEMFFLT405J,C4:34:6B:6E:BB:5D,,,,,,
NHLEMADM2352A,NHLEMADM2352A,30:E1:71:7F:5F:3C,,,,,,
NHLEMFIT424C,NHLEMFIT424C,30:E1:71:81:7E:98,,,,,,
NHLEM724ITVM,NHLEM724ITVM,00:50:56:A6:B3:C1,,,,,,
NHLEMHHCOCC106,NHLEMHHCOCC106,DC:4A:3E:55:59:E2,,,,,,
NHLEMHHCDDS117F,NHLEMHHCDDS117F,30:E1:71:80:14:3A,,,,,,
NHLEMADM1114D,NHLEMADM1114D,30:E1:71:80:A7:66,,,,,,
NHLEMADM1114A,NHLEMADM1114A,30:E1:71:7F:FF:FC,,,,,,
NHLEMFQFKIOSK2,NHLEMFQFKIOSK2,14:B3:1F:2B:48:24,,,,,,
NHLEMHHCREC121B,NHLEMHHCREC121B,30:E1:71:7F:8B:1F,,,,,,
NHLEMOPT1347,NHLEMOPT1347,4C:CC:6A:78:E2:C6,,,,,,
NHLEMNBMTK902P5,NHLEMNBMTK902P5,F4:30:B9:0E:B7:51,,,,,,
NHLEMNBMTK90293,NHLEMNBMTK90293,F4:30:B9:0E:27:5D,,,,,,
NHLEMNBMTK00573,NHLEMNBMTK00573,F4:30:B9:0C:9A:2E,,,,,,
NHLEMNBMTK005Q4,NHLEMNBMTK005Q4,F4:30:B9:0C:B3:5B,,,,,,
NHLEMNBMTK901Z0,NHLEMNBMTK901Z0,F4:30:B9:0E:97:2B,,,,,,
NHLEMNBMTK901HF,NHLEMNBMTK901HF,3C:52:82:46:5C:EA,,,,,,
NHLEMNBMTK901WS,NHLEMNBMTK901WS,F4:30:B9:0E:CA:39,,,,,,
NHLEMNBMTK901K7,NHLEMNBMTK901K7,F4:30:B9:0E:3B:EA,,,,,,
NHLEMNBMTK005SK,NHLEMNBMTK005SK,F4:30:B9:0C:84:61,,,,,,
NHLEMNBMTK901JG,NHLEMNBMTK901JG,F4:30:B9:0E:DA:9A,,,,,,
NHLEMNBMTK901ZC,NHLEMNBMTK901ZC,F4:30:B9:0E:1B:62,,,,,,
NHLEMNBMTK9024Q,NHLEMNBMTK9024Q,F4:30:B9:0E:D7:34,,,,,,
NHLEMNBMTK100VJ,NHLEMNBMTK100VJ,F4:30:B9:0E:79:FB,,,,,,
NHLEMNBMTK100JV,NHLEMNBMTK100JV,3C:52:82:46:AD:02,,,,,,
NHLEMNBMTK005V5,NHLEMNBMTK005V5,F4:30:B9:0C:0B:79,,,,,,
NHLEMNBMTK9029M,NHLEMNBMTK9029M,F4:30:B9:0D:7F:7C,,,,,,
NHLEMNBMTK902DJ,NHLEMNBMTK902DJ,F4:30:B9:0E:A8:00,,,,,,
NHLEMNBMTK901G0,NHLEMNBMTK901G0,F4:30:B9:0E:53:91,,,,,,
NHLEMNBMTK901F8,NHLEMNBMTK901F8,F4:30:B9:0E:22:2A,,,,,,
NHLEMNBMTK902PJ,NHLEMNBMTK902PJ,F4:30:B9:0E:C3:C5,,,,,,
NHLEMNBMTK901X4,NHLEMNBMTK901X4,F4:30:B9:0E:09:F8,,,,,,
NHLEMNBMTK9023G,NHLEMNBMTK9023G,F4:30:B9:0E:59:07,,,,,,
NHLEMNBMTK1015Q,NHLEMNBMTK1015Q,F4:30:B9:0E:23:1E,,,,,,
NHLEMNBMTK100KJ,NHLEMNBMTK100KJ,F4:30:B9:0D:EF:E7,,,,,,
NHLEMNBMTK901SR,NHLEMNBMTK901SR,F4:30:B9:0E:97:CD,,,,,,
NHLEMNBMTK901VD,NHLEMNBMTK901VD,F4:30:B9:0E:DA:6D,,,,,,
NHLEMNBMTK100JQ,NHLEMNBMTK100JQ,3C:52:82:46:AF:96,,,,,,
NHLEMNBMTK005QN,NHLEMNBMTK005QN,F4:30:B9:0D:A3:1E,,,,,,
NHLEMNBMTK100YN,NHLEMNBMTK100YN,F4:30:B9:0E:19:3F,,,,,,
NHLEMNBMTK9020X,NHLEMNBMTK9020X,F4:30:B9:0E:48:CE,,,,,,
NHLEMNBMTK9020L,NHLEMNBMTK9020L,F4:30:B9:0E:28:9F,,,,,,
NHLEMNBMTK9026D,NHLEMNBMTK9026D,F4:30:B9:0E:73:7E,,,,,,
NHLEMNBMTK902NJ,NHLEMNBMTK902NJ,F4:30:B9:0E:58:E9,,,,,,
NHLEMNBMTK005SQ,NHLEMNBMTK005SQ,F4:30:B9:0C:39:83,,,,,,
NHLEMNBMTK902FB,NHLEMNBMTK902FB,F4:30:B9:0D:53:83,,,,,,
NHLEMNBMTK100ZB,NHLEMNBMTK100ZB,F4:30:B9:0E:69:33,,,,,,
NHLEMNBMTK902HB,NHLEMNBMTK902HB,F4:30:B9:0E:77:8B,,,,,,
NHLEMNBMTK9027L,NHLEMNBMTK9027L,F4:30:B9:0E:53:DE,,,,,,
NHLEM-7RADD2,NHLEM-7RADD2,B8:CA:3A:90:40:91,,,,,,
NHLEM-7RADP05,NHLEM-7RADP05,B8:CA:3A:90:EA:41,,,,,,
NHLEM-7PACS01,NHLEM-7PACS01,00:50:56:A2:62:76,,,,,,
NHLEM-7RADD1,NHLEM-7RADD1,00:10:18:BC:D2:A4,,,,,,
NHLEMWSURG08,NHLEMWSURG08,30:E1:71:81:6C:B7,,,,,,
NHLEMHHCFLT143,NHLEMHHCFLT143,DC:4A:3E:54:B5:86,,,,,,
NHLEM724SRG2155,NHLEM724SRG2155,30:E1:71:81:FF:46,,,,,,
NHLEM724SRG2463,NHLEM724SRG2463,30:E1:71:7F:9F:ED,,,,,,
NHLEM724SRG2239,NHLEM724SRG2239,30:E1:71:7E:70:E5,,,,,,
NHLEM724UCC1350,NHLEM724UCC1350,30:E1:71:7F:FD:1A,,,,,,
NHLEMHHCFLT164,NHLEMHHCFLT164,DC:4A:3E:54:C1:DE,,,,,,
NHLEMHHCFLT163,NHLEMHHCFLT163,DC:4A:3E:54:C2:C0,,,,,,
NHLEM724LAB1170,NHLEM724LAB1170,30:E1:71:7F:8F:CF,,,,,,
NHLEMRAD1222A,NHLEMRAD1222A,4C:CC:6A:78:EA:5E,,,,,,
NHLEMFMH131A,NHLEMFMH131A,30:E1:71:81:A7:5E,,,,,,
NHLEMFMH412A,NHLEMFMH412A,30:E1:71:7F:ED:43,,,,,,
NHLEMIMM1400D,NHLEMIMM1400D,4C:CC:6A:78:EA:45,,,,,,
NHLEMPT140A,NHLEMPT140A,DC:4A:3E:55:99:E2,,,,,,
NHLEMHHCDDS117A,NHLEMHHCDDS117A,DC:4A:3E:55:55:95,,,,,,
NHLEMPHA153A,NHLEMPHA153A,34:F3:9A:71:1F:6A,,,,,,
NHLEMOCC1303,NHLEMOCC1303,4C:CC:6A:78:EA:49,,,,,,
NHLEMIT2368C,NHLEMIT2368C,18:60:24:21:E7:72,,,,,,
NHLEMWSURG01,NHLEMWSURG01,34:F3:9A:71:57:F5,,,,,,
NHLEMWUCC02,NHLEMWUCC02,34:F3:9A:71:59:49,,,,,,
NHLEMWUCC01,NHLEMWUCC01,34:F3:9A:70:90:C7,,,,,,
NHLEMLAB1172B,NHLEMLAB1172B,30:E1:71:7E:CE:E2,,,,,,
NHLEMRAD1236A,NHLEMRAD1236A,4C:CC:6A:78:E2:95,,,,,,
NHLEMWSURG03,NHLEMWSURG03,F0:D5:BF:FF:7A:99,,,,,,
NHLEMFMC1404,NHLEMFMC1404,3C:52:82:00:65:DF,,,,,,
NHLEMMH1284,NHLEMMH1284,DC:4A:3E:54:C1:E8,,,,,,
NHLEMP2K1180A,NHLEMP2K1180A,54:BF:64:7C:4A:AA,,,,,,
NHLEMPT135,NHLEMPT135,DC:4A:3E:55:9A:89,,,,,,
NHLEMVET02A,NHLEMVET02A,30:E1:71:80:13:AA,,,,,,
NHLEMHHCFLT162D,NHLEMHHCFLT162D,DC:4A:3E:55:56:2D,,,,,,
NHLEMP2K1180D,NHLEMP2K1180D,54:BF:64:7C:43:9B,,,,,,
NHLEMMM1115D,NHLEMMM1115D,30:E1:71:7F:4E:83,,,,,,
NHLEMHHCVTC158,NHLEMHHCVTC158,DC:4A:3E:55:97:EC,,,,,,
NHLEMWSURG09,NHLEMWSURG09,34:F3:9A:71:20:5A,,,,,,
NHLEMHHCADM125A,NHLEMHHCADM125A,DC:4A:3E:55:53:47,,,,,,
NHLEMHHCDDS117B,NHLEMHHCDDS117B,DC:4A:3E:55:93:7A,,,,,,
NHLEMUBO01C,NHLEMUBO01C,DC:4A:3E:55:94:05,,,,,,
NHLEMWSURG05,NHLEMWSURG05,34:F3:9A:71:06:FB,,,,,,
NHLEMWSURG02,NHLEMWSURG02,34:F3:9A:71:44:40,,,,,,
NHLEMHHCLAB115,NHLEMHHCLAB115,30:E1:71:80:1A:90,,,,,,
NHLEMHHCFLT156A,NHLEMHHCFLT156A,B8:CA:3A:A6:14:07,,,,,,
NHLEMHHCFLT162C,NHLEMHHCFLT162C,DC:4A:3E:55:59:75,,,,,,
NHLEMHHCPT102,NHLEMHHCPT102,C8:D3:FF:A7:6E:10,,,,,,
NHLEMRAD1222B,NHLEMRAD1222B,4C:CC:6A:78:EA:0E,,,,,,
NHLEMVET02B,NHLEMVET02B,DC:4A:3E:55:52:84,,,,,,
NHLEMP2K1180I,NHLEMP2K1180I,54:BF:64:82:F0:F5,,,,,,
NHLEMP2K1180G,NHLEMP2K1180G,54:BF:64:7C:47:4D,,,,,,
NHLEMHHCAUD178,NHLEMHHCAUD178,DC:4A:3E:55:96:50,,,,,,
NHLEMPAD2446A,NHLEMPAD2446A,34:F3:9A:71:06:B5,,,,,,
NHLEMOB1457A,NHLEMOB1457A,30:E1:71:81:9F:37,,,,,,
NHLEMFQFPHRMPC,NHLEMFQFPHRMPC,14:B3:1F:2B:5C:F3,,,,,,
NHLEMQFKIOSK2,NHLEMQFKIOSK2,14:B3:1F:2B:4C:12,,,,,,
NHLEMQFKIOSK1,NHLEMQFKIOSK1,14:B3:1F:2B:48:BE,,,,,,
NHLEMQFKIOSK3,NHLEMQFKIOSK3,B8:85:84:B8:3C:2E,,,,,,
NHLEMFQFKIOSK1,NHLEMFQFKIOSK1,14:B3:1F:2B:5D:44,,,,,,
NHLEMQFLABMPC,NHLEMQFLABMPC,14:B3:1F:2B:48:9F,,,,,,
NHLEM-TBXBHDP2,NHLEM-TBXBHDP2,E4:7F:B2:F7:85:D4,,,,,,
NHLEM-TBXBHDP4,NHLEM-TBXBHDP4,E4:7F:B2:F7:85:C4,,,,,,
NHLEMFMHBHDP,NHLEMFMHBHDP,30:E1:71:80:30:DF,,,,,,
NHLEM-TBXBHDP1,NHLEM-TBXBHDP1,E4:7F:B2:F7:85:C5,,,,,,
NHLEM-TBXBHDP3,NHLEM-TBXBHDP3,E4:7F:B2:F7:85:BE,,,,,,
NHLEM-TBXBHDP5,NHLEM-TBXBHDP5,E4:7F:B2:F7:85:D5,,,,,,
NHLEMMHBHDP01,NHLEMMHBHDP01,E4:7F:B2:F7:85:D3,,,,,,
NHLEM-TB-XICE04,NHLEM-TB-XICE04,30:E1:71:7F:4F:95,,,,,,
NHLEMFFM126,NHLEMFFM126,64:51:06:4A:58:97,,,,,,
NHLEMFFLT414,NHLEMFFLT414,40:B0:34:F6:50:77,,,,,,
NHLEMFFM122,NHLEMFFM122,64:51:06:45:10:42,,,,,,
NHLEMFFM125,NHLEMFFM125,64:51:06:3D:3D:24,,,,,,
NHLEMFFLT415A,NHLEMFFLT415A,40:B0:34:FF:7D:3A,,,,,,
NHLEMFCSKIOSK1,NHLEMFCSKIOSK1,EC:8E:B5:7C:7A:C9,,,,,,
NHLEMFFM120,NHLEMFFM120,64:51:06:4A:58:8F,,,,,,
NHLEMFFM123,NHLEMFFM123,64:51:06:3D:34:EB,,,,,,
NHLEMFFM121,NHLEMFFM121,64:51:06:55:02:DE,,,,,,
NHLEMFFM124,NHLEMFFM124,64:51:06:3D:3F:08,,,,,,
NHLEMFFLT429A,NHLEMFFLT429A,64:51:06:4A:57:73,,,,,,
NHLEMFTWA07F,NHLEMFTWA07F,F0:D5:BF:FF:7A:8A,,,,,,
NHLEMTW051387,NHLEMTW051387,34:F3:9A:71:06:92,,,,,,
NHLEMTW051660,NHLEMTW051660,30:E1:71:89:78:DC,,,,,,
NHLEM-TB-XQA01,NHLEM-TB-XQA01,30:E1:71:7F:FC:8A,,,,,,
NHLEMMH1295A,NHLEMMH1295A,FC:45:96:21:14:D0,,,,,,
NHLEMIT2354A,NHLEMIT2354A,0C:C4:7A:91:9E:9A,,,,,,
NHLEMBDCSPR416A,NHLEMBDCSPR416A,30:E1:71:7A:71:7A,,,,,,
NHLEMUBO01B,NHLEMUBO01B,DC:4A:3E:55:59:74,,,,,,
NHLEMPT146B,NHLEMPT146B,30:E1:71:80:12:23,,,,,,
NHLEMMM1120G,NHLEMMM1120G,DC:4A:3E:55:59:4C,,,,,,
NHLEMBDCSPR416B,NHLEMBDCSPR416B,30:E1:71:81:5F:59,,,,,,
NHLEMFFLT405B,NHLEMFFLT405B,64:51:06:3D:3C:F2,,,,,,
NHLEMFIH421B,NHLEMFIH421B,64:51:06:3D:3D:08,,,,,,
NHLEMFDDS210A,NHLEMFDDS210A,40:B0:34:FF:7D:39,,,,,,
NHLEMFADM109,NHLEMFADM109,D8:9E:F3:4B:F1:A2,,,,,,
NHLEMFRAD407AA,NHLEMFRAD407AA,40:B0:34:FF:8B:70,,,,,,
NHLEMFDDS209A,NHLEMFDDS209A,54:BF:64:5B:D6:A4,,,,,,
NHLEMFPANOFAL,NHLEMFPANOFAL,D8:9E:F3:4B:F1:A4,,,,,,
NHLEMFLAB128B,NHLEMFLAB128B,64:51:06:55:02:B8,,,,,,
NHLEMFDDS212A,NHLEMFDDS212A,C4:34:6B:6E:BB:50,,,,,,
NHLEMFIMM435A,NHLEMFIMM435A,C4:34:6B:6E:B7:88,,,,,,
NHLEMFLAB128C,NHLEMFLAB128C,C4:34:6B:6E:BC:72,,,,,,
NHLEMFLAB128A,NHLEMFLAB128A,64:51:06:3D:3F:11,,,,,,
NHLEMFFM116,NHLEMFFM116,40:B0:34:F6:97:65,,,,,,
NHLEMFFM118,NHLEMFFM118,D8:9E:F3:4B:F0:3E,,,,,,
NHLEMFFM106B,NHLEMFFM106B,D8:9E:F3:4B:F0:14,,,,,,
NHLEMFIH421A,NHLEMFIH421A,C8:D3:FF:A8:8B:5A,,,,,,
NHLEMFFM115B,NHLEMFFM115B,C4:34:6B:6E:B7:89,,,,,,
NHLEMFFLT425,NHLEMFFLT425,30:E1:71:7F:2E:38,,,,,,
NHLEMFEDU324BB,NHLEMFEDU324BB,64:51:06:4A:58:99,,,,,,
NHLEMFFM115A,NHLEMFFM115A,C4:34:6B:6E:B7:93,,,,,,
NHLEMFIT223A,NHLEMFIT223A,C4:34:6B:6E:BB:58,,,,,,
NHLEMFPHR302C,NHLEMFPHR302C,64:51:06:55:04:85,,,,,,
NHLEMFVTC324A,NHLEMFVTC324A,D8:9E:F3:4B:F1:83,,,,,,
NHLEMFDDS222B,NHLEMFDDS222B,D8:9E:F3:4B:F2:F5,,,,,,
NHLEMFFM117,NHLEMFFM117,D8:9E:F3:4B:F1:1E,,,,,,
NHLEMFPHR221,NHLEMFPHR221,D8:9E:F3:4B:EF:EC,,,,,,
NHLEMFHBO130B,NHLEMFHBO130B,D8:9E:F3:4B:EF:62,,,,,,
NHLEMFFM114D,NHLEMFFM114D,3C:52:82:00:7C:6A,,,,,,
NHLEMFIT424A,NHLEMFIT424A,D8:9E:F3:4B:F1:82,,,,,,
NHLEMFFLT405II,NHLEMFFLT405II,C8:D3:FF:A8:8A:85,,,,,,
NHLEMFMH413,NHLEMFMH413,D8:9E:F3:4B:F2:F6,,,,,,
NHLEMFOCC105,NHLEMFOCC105,D8:9E:F3:4B:F1:91,,,,,,
NHLEMFFLT405GG,NHLEMFFLT405GG,3C:52:82:00:7D:04,,,,,,
NHLEMFMM299AB,NHLEMFMM299AB,64:51:06:55:04:7D,,,,,,
NHLEMFFLT405E,NHLEMFFLT405E,64:51:06:4B:43:A9,,,,,,
NHLEMFOCC108B,NHLEMFOCC108B,64:51:06:3D:34:F4,,,,,,
NHLEMFTRNG324E,NHLEMFTRNG324E,64:51:06:3D:3C:FB,,,,,,
NHLEMFTRNG324C,NHLEMFTRNG324C,64:51:06:3D:35:2A,,,,,,
NHLEMFTRNG324D,NHLEMFTRNG324D,64:51:06:4A:58:A0,,,,,,
NHLEMFTRNG324F,NHLEMFTRNG324F,C4:34:6B:6E:B7:94,,,,,,
NHLEMFTRNG324A,NHLEMFTRNG324A,64:51:06:3D:34:D0,,,,,,
NHLEMFADM111,NHLEMFADM111,54:BF:64:5B:D9:E8,,,,,,
NHLEMFHBO411,NHLEMFHBO411,D8:9E:F3:4B:F3:43,,,,,,
NHLEMFFM106A,NHLEMFFM106A,D8:9E:F3:4B:F1:C5,,,,,,
NHLEMFTRNG324B,NHLEMFTRNG324B,C4:34:6B:6E:BB:62,,,,,,
NHLEMFFM420,NHLEMFFM420,40:B0:34:FF:7E:BC,,,,,,
NHLEMFVTC110,NHLEMFVTC110,40:B0:34:FF:8B:11,,,,,,
NHLEMFFLT405K,NHLEMFFLT405K,64:51:06:4A:58:7C,,,,,,
NHLEMFDDS218,NHLEMFDDS218,64:51:06:55:02:CB,,,,,,
NHLEMFDDS219,NHLEMFDDS219,64:51:06:45:13:56,,,,,,
NHLEMFDDS222A,NHLEMFDDS222A,64:51:06:55:02:C4,,,,,,
NHLEMFDDS209B,NHLEMFDDS209B,C4:34:6B:6E:BA:EE,,,,,,
NHLEMFHBO411A,NHLEMFHBO411A,D8:9E:F3:4B:66:F6,,,,,,
NHLEMFFLT405CC,NHLEMFFLT405CC,30:E1:71:7F:3E:4C,,,,,,
NHLEMFPHR223BB,NHLEMFPHR223BB,3C:52:82:00:63:3F,,,,,,
NHLEMFFLT417,NHLEMFFLT417,30:E1:71:80:10:C1,,,,,,
NHLEMFDDS214,NHLEMFDDS214,64:51:06:3D:34:EF,,,,,,
NHLEMFPHR302B,NHLEMFPHR302B,64:51:06:39:F8:54,,,,,,
NHLEMFDDS208,NHLEMFDDS208,C4:34:6B:6E:BB:5F,,,,,,
NHLEMFFM114CC,NHLEMFFM114CC,40:B0:34:FF:7D:A4,,,,,,
NHLEMFCAG432A,NHLEMFCAG432A,64:51:06:55:02:B9,,,,,,
NHLEMFPHR302A,NHLEMFPHR302A,64:51:06:55:02:CC,,,,,,
NHLEMFCAG432C,NHLEMFCAG432C,64:51:06:3D:3F:6C,,,,,,
NHLEMFCAG432D,NHLEMFCAG432D,64:51:06:55:02:BA,,,,,,
NHLEMFADM113,NHLEMFADM113,D8:9E:F3:4B:EF:4A,,,,,,
NHLEMFMM299AA,NHLEMFMM299AA,D8:9E:F3:4B:EF:95,,,,,,
NHLEMFOCC108A,NHLEMFOCC108A,D8:9E:F3:4B:5B:BD,,,,,,
NHLEMFPAD107BB,NHLEMFPAD107BB,40:B0:34:F6:9C:01,,,,,,
NHLEMFFM115C,NHLEMFFM115C,64:51:06:3D:35:0D,,,,,,
NHLEMFFLT405F,NHLEMFFLT405F,64:51:06:3D:34:4F,,,,,,
NHLEMFEDU324AA,NHLEMFEDU324AA,64:51:06:3D:3D:23,,,,,,
NHLEMFLAB128D,NHLEMFLAB128D,64:51:06:3D:34:E7,,,,,,
NHLEMFIMM435BB,NHLEMFIMM435BB,3C:52:82:00:7C:25,,,,,,
NHLEMFFLT405DD,NHLEMFFLT405DD,30:E1:71:7F:3B:16,,,,,,
NHLEMFPHR302D,NHLEMFPHR302D,64:51:06:45:13:28,,,,,,
NHLEMFFM114B,NHLEMFFM114B,40:B0:34:FF:7D:46,,,,,,
NHLEMFPHR302E,NHLEMFPHR302E,64:51:06:55:02:E0,,,,,,
NHLEMFFM119,NHLEMFFM119,54:BF:64:5B:D6:C8,,,,,,
NHLEMFFM106D,NHLEMFFM106D,C4:34:6B:6E:B7:97,,,,,,
NHLEMFFM106C,NHLEMFFM106C,64:51:06:55:02:B2,,,,,,
NHLEMFADM129,NHLEMFADM129,D8:9E:F3:4B:F3:1B,,,,,,
NHLEMFPAD107A,NHLEMFPAD107A,D8:9E:F3:4B:EF:0F,,,,,,
NHLEMFDDS217,NHLEMFDDS217,64:51:06:3D:35:10,,,,,,
NHLEMFCAG432B,NHLEMFCAG432B,64:51:06:55:04:83,,,,,,
NHLEMFCAG432E,NHLEMFCAG432E,64:51:06:55:02:D7,,,,,,
NHLEMFADM112,NHLEMFADM112,30:E1:71:7F:CF:BF,,,,,,
NHLEMFDDS306A,NHLEMFDDS306A,D8:9E:F3:4B:EF:89,,,,,,
NHLEMFDDS220A,NHLEMFDDS220A,D8:9E:F3:4B:EF:BD,,,,,,
NHLEMFFM115D,NHLEMFFM115D,3C:52:82:00:7C:D5,,,,,,
NHLEMFFM427,NHLEMFFM427,D8:9E:F3:4B:F0:C2,,,,,,
NHLEMFRAD407BB,NHLEMFRAD407BB,3C:52:82:00:7C:64,,,,,,
NHLEMFPHR223AA,NHLEMFPHR223AA,3C:52:82:00:65:C7,,,,,,
NHLEMFIS2376,NHLEMFIS2376,B8:CA:3A:B4:E4:42,,,,,,
NHLEMBDC411B,NHLEMBDC411B,30:E1:71:80:B6:54,,,,,,
NHLEMMM1115E,NHLEMMM1115E,4C:CC:6A:78:E2:D6,,,,,,
NHLEMVET02C,NHLEMVET02C,DC:4A:3E:55:94:D8,,,,,,
NHLEMFOD1250C,NHLEMFOD1250C,4C:CC:6A:78:EA:50,,,,,,
NHLEMNMAU26704B,NHLEMNMAU26704B,DC:4A:3E:55:98:29,,,,,,
NHLEMNMAU26705A,NHLEMNMAU26705A,DC:4A:3E:55:59:43,,,,,,
NHLEMPAD2448A,NHLEMPAD2448A,DC:4A:3E:55:93:93,,,,,,
NHLEMVET03,NHLEMVET03,40:B0:34:F6:5D:29,,,,,,
NHLEMBDC420,NHLEMBDC420,DC:4A:3E:55:94:19,,,,,,
NHLEM-XAVRAD02,NHLEM-XAVRAD02,C8:D3:FF:A8:89:92,,,,,,
NHLEMHHCFLT139C,NHLEMHHCFLT139C,40:B0:34:F6:4D:CC,,,,,,
NHLEM-XAVOCC03,NHLEM-XAVOCC03,B8:CA:3A:B4:B1:F6,,,,,,
NHLEM-XAVEX03,NHLEM-XAVEX03,DC:4A:3E:55:59:5E,,,,,,
NHLEMMM1115A,NHLEMMM1115A,30:E1:71:7F:8F:C0,,,,,,
NHLEMUCC1329,NHLEMUCC1329,4C:CC:6A:78:EA:5C,,,,,,
NHLEMNMAU26705C,NHLEMNMAU26705C,DC:4A:3E:55:97:CE,,,,,,
NHLEMADM2328A,NHLEMADM2328A,3C:52:82:00:7C:6C,,,,,,
NHLEMIH09,NHLEMIH09,DC:4A:3E:55:94:0A,,,,,,
NHLEM724LAB116,NHLEM724LAB116,30:E1:71:80:A1:B2,,,,,,
NHLEMADM2332,NHLEMADM2332,3C:52:82:00:7D:FE,,,,,,
NHLEMPAD1470H,NHLEMPAD1470H,DC:4A:3E:55:59:5C,,,,,,
NHLEMNMAU26704A,NHLEMNMAU26704A,DC:4A:3E:55:59:E4,,,,,,
NHLEM-XDDS09,NHLEM-XDDS09,C8:D3:FF:A7:6D:CD,,,,,,
NHLEMDDS114,NHLEMDDS114,DC:4A:3E:55:99:CF,,,,,,
NHLEM-XDDS39,NHLEM-XDDS39,30:E1:71:80:62:55,,,,,,
NHLEMDDS113,NHLEMDDS113,DC:4A:3E:55:97:50,,,,,,
NHLEMHR2326,NHLEMHR2326,DC:4A:3E:55:54:CA,,,,,,
NHLEMIT2368A,NHLEMIT2368A,C8:D3:FF:A7:72:32,,,,,,
NHLEM-XAVDDS05,NHLEM-XAVDDS05,34:F3:9A:71:44:90,,,,,,
NHLEMPAD1486B,NHLEMPAD1486B,DC:4A:3E:55:53:5A,,,,,,
NHLEMDDS131A,NHLEMDDS131A,34:F3:9A:71:07:69,,,,,,
NHLEMPM1216C,NHLEMPM1216C,C8:D3:FF:A8:5A:22,,,,,,
NHLEMOB1453A,NHLEMOB1453A,30:E1:71:80:B8:D4,,,,,,
NHLEMIH08E,NHLEMIH08E,C8:D3:FF:A8:5A:C9,,,,,,
NHLEMOR2140A,NHLEMOR2140A,4C:CC:6A:78:E9:A5,,,,,,
NHLEMFIS2430B,NHLEMFIS2430B,30:E1:71:80:3A:7E,,,,,,
NHLEMIH08D,NHLEMIH08D,DC:4A:3E:55:94:59,,,,,,
NHLEMHHCFLT133C,NHLEMHHCFLT133C,30:E1:71:81:7E:0B,,,,,,
NHLEMDDS131G,NHLEMDDS131G,30:E1:71:7F:B4:DC,,,,,,
NHLEMASTC27,NHLEMASTC27,54:BF:64:64:26:97,,,,,,
NHLEMHBO1490A,NHLEMHBO1490A,DC:4A:3E:55:5A:55,,,,,,
NHLEMASTC36A,NHLEMASTC36A,54:BF:64:60:36:EB,,,,,,
NHLEMASTC8,NHLEMASTC8,54:BF:64:60:5F:1F,,,,,,
NHLEMPHR1185A,NHLEMPHR1185A,3C:52:82:00:7E:23,,,,,,
NHLEMMH1289,NHLEMMH1289,DC:4A:3E:54:B5:FA,,,,,,
NHLEMASTC22B,NHLEMASTC22B,54:BF:64:60:3E:BC,,,,,,
NHLEMADM2358,NHLEMADM2358,DC:4A:3E:55:94:47,,,,,,
NHLEMDH1201,NHLEMDH1201,3C:52:82:00:7C:E9,,,,,,
NHLEMHHCFLT142A,NHLEMHHCFLT142A,DC:4A:3E:55:9A:78,,,,,,
NHLEMUBO01A,NHLEMUBO01A,DC:4A:3E:55:97:6B,,,,,,
NHLEMPHR1184A,NHLEMPHR1184A,C8:D3:FF:A8:89:8D,,,,,,
NHLEMDDS108A,NHLEMDDS108A,DC:4A:3E:54:B5:D6,,,,,,
NHLEM-XAVCHK04,NHLEM-XAVCHK04,40:B0:34:FF:7D:4D,,,,,,
NHLEMRAD1232,NHLEMRAD1232,3C:52:82:00:7E:7A,,,,,,
NHLEMSURG2229,NHLEMSURG2229,10:62:E5:99:18:38,,,,,,
NHLEMASTC33,NHLEMASTC33,54:BF:64:60:36:97,,,,,,
NHLEMIT2380A,NHLEMIT2380A,C8:D3:FF:A8:5C:27,,,,,,
NHLEMPAD1468B,NHLEMPAD1468B,C8:D3:FF:A8:5D:5E,,,,,,
NHLEMDDS128A,NHLEMDDS128A,30:E1:71:80:63:19,,,,,,
NHLEMDDS127A,NHLEMDDS127A,FC:45:96:21:0A:0F,,,,,,
NHLEMFMC1316,NHLEMFMC1316,DC:4A:3E:55:54:39,,,,,,
NHLEMHHCREC121G,NHLEMHHCREC121G,40:B0:34:FF:8B:0C,,,,,,
NHLEMHHCFLT132B,NHLEMHHCFLT132B,30:E1:71:7F:A4:60,,,,,,
NHLEMDDS130A,NHLEMDDS130A,30:E1:71:80:E1:E7,,,,,,
NHLEMFOD1114,NHLEMFOD1114,0C:C4:7A:91:9B:32,,,,,,
NHLEMDDS105C,NHLEMDDS105C,30:E1:71:80:52:5E,,,,,,
NHLEMDDSVTC130,NHLEMDDSVTC130,30:E1:71:80:F3:B6,,,,,,
NHLEMADM2204,NHLEMADM2204,4C:CC:6A:78:EA:59,,,,,,
NHLEMPAD1475D,NHLEMPAD1475D,4C:CC:6A:78:E9:2F,,,,,,
NHLEMFMC1376B,NHLEMFMC1376B,30:E1:71:7F:6F:D7,,,,,,
NHLEMADM2329,NHLEMADM2329,4C:CC:6A:78:EA:3B,,,,,,
NHLEMADM2400B,NHLEMADM2400B,4C:CC:6A:78:EA:3A,,,,,,
NHLEMPAD1475C,NHLEMPAD1475C,DC:4A:3E:55:93:BD,,,,,,
NHLEM-XDDS21,NHLEM-XDDS21,DC:4A:3E:55:9A:E0,,,,,,
NHLEMFOD1245B,NHLEMFOD1245B,4C:CC:6A:78:E2:DC,,,,,,
NHLEMHBO1490B,NHLEMHBO1490B,4C:CC:6A:78:EA:48,,,,,,
NHLEM-XAVADM02,NHLEM-XAVADM02,DC:4A:3E:55:97:1C,,,,,,
NHLEMAVRAD118,NHLEMAVRAD118,30:E1:71:7F:8F:93,,,,,,
NHLEMPAD1470E,NHLEMPAD1470E,DC:4A:3E:55:96:24,,,,,,
NHLEMSURG2463D,NHLEMSURG2463D,40:B0:34:FF:69:39,,,,,,
NHLEM-XDDS12,NHLEM-XDDS12,4C:CC:6A:78:E2:C9,,,,,,
NHLEMEDU2335A,NHLEMEDU2335A,DC:4A:3E:55:93:6B,,,,,,
NHLEMSURG2254,NHLEMSURG2254,4C:CC:6A:78:EA:40,,,,,,
NHLEMMM1152,NHLEMMM1152,4C:CC:6A:7B:DA:99,,,,,,
NHLEMFIS2430A,NHLEMFIS2430A,30:E1:71:80:22:27,,,,,,
NHLEMIH08A,NHLEMIH08A,DC:4A:3E:54:B5:CD,,,,,,
NHLEMMM1115B,NHLEMMM1115B,4C:CC:6A:78:EA:28,,,,,,
NHLEM-PANOLEM1,NHLEM-PANOLEM1,4C:CC:6A:78:EA:37,,,,,,
NHLEMEDU2340A,NHLEMEDU2340A,30:E1:71:80:0A:A6,,,,,,
NHLEMHHCFLT139B,NHLEMHHCFLT139B,B8:CA:3A:A6:1E:42,,,,,,
NHLEMBDC408,NHLEMBDC408,30:E1:71:7E:58:9B,,,,,,
NHLEMDDS131B,NHLEMDDS131B,DC:4A:3E:55:93:8E,,,,,,
NHLEMDDS127E,NHLEMDDS127E,40:B0:34:10:D0:B4,,,,,,
NHLEM724OB1439,NHLEM724OB1439,30:E1:71:7F:5D:D2,,,,,,
NHLEMMH1283,NHLEMMH1283,DC:4A:3E:55:59:C2,,,,,,
NHLEMHHCDDS121D,NHLEMHHCDDS121D,30:E1:71:80:04:16,,,,,,
NHLEMHHCREC121C,NHLEMHHCREC121C,DC:4A:3E:55:59:57,,,,,,
NHLEMIT2354B,NHLEMIT2354B,34:F3:9A:71:06:C4,,,,,,
NHLEMLAB1170C,NHLEMLAB1170C,50:9A:4C:4A:75:A2,,,,,,
NHLEMSURG2463B,NHLEMSURG2463B,DC:4A:3E:55:93:7D,,,,,,
NHLEM724PHR1180,NHLEM724PHR1180,30:E1:71:80:C1:B2,,,,,,
NHLEM724PHR157,NHLEM724PHR157,30:E1:71:80:F0:B9,,,,,,
NHLEMASTC9A,NHLEMASTC9A,54:BF:64:60:75:17,,,,,,
NHLEMHHCREC121I,NHLEMHHCREC121I,DC:4A:3E:54:B6:4A,,,,,,
NHLEMIT2380B,NHLEMIT2380B,18:60:24:21:E8:45,,,,,,
NHLEMHHCIMM117A,NHLEMHHCIMM117A,30:E1:71:80:45:03,,,,,,
NHLEMHBO1497C,NHLEMHBO1497C,40:B0:34:FF:76:88,,,,,,
NHLEMASTC22A,NHLEMASTC22A,54:BF:64:60:41:90,,,,,,
NHLEMUCC1330E,NHLEMUCC1330E,4C:CC:6A:78:EA:3D,,,,,,
NHLEMIH08F,NHLEMIH08F,DC:4A:3E:55:54:45,,,,,,
NHLEMASTC31A,NHLEMASTC31A,54:BF:64:60:75:81,,,,,,
NHLEMIT2370D,NHLEMIT2370D,0C:C4:7A:CE:21:1C,,,,,,
NHLEM-XPTD04,NHLEM-XPTD04,30:E1:71:7F:5F:9C,,,,,,
NHLEMMM1120C,NHLEMMM1120C,30:E1:71:80:5A:42,,,,,,
NHLEM-XPTD07,NHLEM-XPTD07,30:E1:71:7F:EF:23,,,,,,
NHLEMADM2405,NHLEMADM2405,40:B0:34:FF:6B:AE,,,,,,
NHLEMIT2401A,NHLEMIT2401A,30:E1:71:7F:97:75,,,,,,
NHLEM-XIT04,NHLEM-XIT04,0C:C4:7A:91:9B:48,,,,,,
NHLEM-XDDS45,NHLEM-XDDS45,DC:4A:3E:55:97:C8,,,,,,
NHLEMMM1115C,NHLEMMM1115C,4C:CC:6A:78:E2:CB,,,,,,
NHLEMMM1158,NHLEMMM1158,4C:CC:6A:78:EA:51,,,,,,
NHLEM-XPTD06,NHLEM-XPTD06,30:E1:71:80:E1:D3,,,,,,
NHLEMDDS109D,NHLEMDDS109D,30:E1:71:80:F9:C8,,,,,,
NHLEM-XIT55,NHLEM-XIT55,C8:D3:FF:A7:70:56,,,,,,
NHLEMIH08C,NHLEMIH08C,DC:4A:3E:54:B6:4D,,,,,,
NHLEMUBO01E,NHLEMUBO01E,DC:4A:3E:55:59:CA,,,,,,
NHLEMDH1200B,NHLEMDH1200B,40:B0:34:FF:78:22,,,,,,
NHLEMHHCFLT153B,NHLEMHHCFLT153B,30:E1:71:7F:5A:4B,,,,,,
NHLEM-XAVOPT01,NHLEM-XAVOPT01,40:B0:34:FF:6B:83,,,,,,
NHLEMADM2400A,NHLEMADM2400A,3C:52:82:00:7D:1E,,,,,,
NHLEMPT146D,NHLEMPT146D,30:E1:71:7F:BF:D0,,,,,,
NHLEM-XPTD03,NHLEM-XPTD03,30:E1:71:80:B2:6D,,,,,,
NHLEMADM2311,NHLEMADM2311,DC:4A:3E:54:B3:A6,,,,,,
NHLEM-XAVDDS06,NHLEM-XAVDDS06,40:B0:34:10:00:45,,,,,,
NHLEM-XPTD01,NHLEM-XPTD01,30:E1:71:80:F3:E4,,,,,,
NHLEMSURG2264,NHLEMSURG2264,40:B0:34:FF:7D:0F,,,,,,
NHLEMHHCFLT136C,NHLEMHHCFLT136C,30:E1:71:81:DE:32,,,,,,
NHLEMOR2140C,NHLEMOR2140C,C8:D3:FF:A8:8B:53,,,,,,
NHLEMDDS128B,NHLEMDDS128B,30:E1:71:7F:CF:09,,,,,,
NHLEM-XPTDDH,NHLEM-XPTDDH,30:E1:71:80:A1:D8,,,,,,
NHLEM-XIT07,NHLEM-XIT07,0C:C4:7A:91:9B:CA,,,,,,
NHLEMDDS107,NHLEMDDS107,DC:4A:3E:54:C1:DB,,,,,,
NHLEMPAD2443,NHLEMPAD2443,B8:CA:3A:B4:50:2F,,,,,,
NHLEM-XDDS34,NHLEM-XDDS34,DC:4A:3E:54:B5:27,,,,,,
NHLEMADM2309,NHLEMADM2309,C8:D3:FF:A8:5C:7C,,,,,,
NHLEMHHCFLT132C,NHLEMHHCFLT132C,30:E1:71:80:38:25,,,,,,
NHLEM-XAVADM03,NHLEM-XAVADM03,B8:CA:3A:B4:E4:11,,,,,,
NHLEMFOD1138,NHLEMFOD1138,4C:CC:6A:78:E2:C3,,,,,,
NHLEM-XAVAVT11,NHLEM-XAVAVT11,30:E1:71:81:EF:90,,,,,,
NHLEMFMC1379B,NHLEMFMC1379B,C8:D3:FF:A8:76:A9,,,,,,
NHLEMFOD1142,NHLEMFOD1142,0C:C4:7A:91:9B:56,,,,,,
NHLEMNMAU417B,NHLEMNMAU417B,DC:4A:3E:54:B3:B3,,,,,,
NHLEMHHCREC121H,NHLEMHHCREC121H,30:E1:71:80:86:DF,,,,,,
NHLEMHHCFLT151D,NHLEMHHCFLT151D,DC:4A:3E:54:B5:7E,,,,,,
NHLEMHHCFLT139A,NHLEMHHCFLT139A,B8:CA:3A:B4:B7:1E,,,,,,
NHLEMDDS103,NHLEMDDS103,DC:4A:3E:55:99:BF,,,,,,
NHLEMDDS136,NHLEMDDS136,DC:4A:3E:54:B5:77,,,,,,
NHLEM-XAVPM04,NHLEM-XAVPM04,DC:4A:3E:55:52:6C,,,,,,
NHLEMASTC28,NHLEMASTC28,54:BF:64:60:3A:36,,,,,,
NHLEMASTC35,NHLEMASTC35,10:65:30:A7:50:6B,,,,,,
NHLEMFMC1394,NHLEMFMC1394,40:B0:34:FF:7E:BB,,,,,,
NHLEM-XAVPHR01,NHLEM-XAVPHR01,DC:4A:3E:55:94:D9,,,,,,
NHLEMEDU2340B,NHLEMEDU2340B,30:E1:71:7E:5F:86,,,,,,
NHLEM-XAVCHK02,NHLEM-XAVCHK02,DC:4A:3E:54:C2:4C,,,,,,
NHLEMBDC406,NHLEMBDC406,DC:4A:3E:55:93:AF,,,,,,
NHLEMMH1281,NHLEMMH1281,DC:4A:3E:55:98:13,,,,,,
NHLEMDDS131C,NHLEMDDS131C,30:E1:71:80:4A:E1,,,,,,
NHLEMPAD1470B,NHLEMPAD1470B,DC:4A:3E:55:98:41,,,,,,
NHLEMDDS131D,NHLEMDDS131D,30:E1:71:7F:DD:20,,,,,,
NHLEMFMC1398,NHLEMFMC1398,34:F3:9A:71:43:EB,,,,,,
NHLEM-XAVCHK03,NHLEM-XAVCHK03,DC:4A:3E:55:96:D8,,,,,,
NHLEM-PANOMON1,NHLEM-PANOMON1,64:00:6A:17:BD:9A,,,,,,
NHLEMHHCDDS121B,NHLEMHHCDDS121B,30:E1:71:7F:EF:22,,,,,,
NHLEMOPT1362,NHLEMOPT1362,40:B0:34:FF:7D:C4,,,,,,
NHLEMHBO1497E,NHLEMHBO1497E,40:B0:34:FF:87:30,,,,,,
NHLEMHBO1497F,NHLEMHBO1497F,30:E1:71:7F:6A:79,,,,,,
NHLEMBDC407,NHLEMBDC407,40:B0:34:10:40:2B,,,,,,
NHLEMUCC1350A,NHLEMUCC1350A,30:E1:71:81:0E:34,,,,,,
NHLEMDDS127F,NHLEMDDS127F,30:E1:71:80:6A:B0,,,,,,
NHLEMDH1206,NHLEMDH1206,40:B0:34:FF:8B:54,,,,,,
NHLEMADM2378B,NHLEMADM2378B,30:E1:71:80:D3:90,,,,,,
NHLEMADM2318,NHLEMADM2318,30:E1:71:7F:BE:C3,,,,,,
NHLEMDDS105A,NHLEMDDS105A,30:E1:71:81:CB:0E,,,,,,
NHLEMHHCREC121F,NHLEMHHCREC121F,40:B0:34:FF:7E:3E,,,,,,
NHLEMASTC11,NHLEMASTC11,54:BF:64:60:74:CA,,,,,,
NHLEMEDU2335B,NHLEMEDU2335B,B8:CA:3A:B4:E3:21,,,,,,
NHLEMIT2374A,NHLEMIT2374A,EC:8E:B5:7C:7A:D0,,,,,,
NHLEMMM1212B,NHLEMMM1212B,DC:4A:3E:55:51:66,,,,,,
NHLEMASTC32E,NHLEMASTC32E,54:BF:64:60:75:65,,,,,,
NHLEM-XAVCHRO02,NHLEM-XAVCHRO02,34:F3:9A:71:47:47,,,,,,
NHLEMHHCDDS117G,NHLEMHHCDDS117G,30:E1:71:80:F2:43,,,,,,
NHLEMASTC32B,NHLEMASTC32B,54:BF:64:60:36:FB,,,,,,
NHLEMPT146,NHLEMPT146,30:E1:71:7F:CD:D6,,,,,,
NHLEMFMC1374B,NHLEMFMC1374B,C8:D3:FF:A8:5B:6A,,,,,,
NHLEMIT2354D,NHLEMIT2354D,C8:D3:FF:A2:25:5B,,,,,,
NHLEMHHCADM130B,NHLEMHHCADM130B,DC:4A:3E:55:9B:44,,,,,,
NHLEMUM1489A,NHLEMUM1489A,DC:4A:3E:54:B3:A0,,,,,,
NHLEMHHCFLT133A,NHLEMHHCFLT133A,30:E1:71:81:FE:E3,,,,,,
NHLEMHBO1489C,NHLEMHBO1489C,40:B0:34:F6:5B:63,,,,,,
NHLEMHHCADM126B,NHLEMHHCADM126B,30:E1:71:7F:40:4B,,,,,,
NHLEM-XBRIAN01,NHLEM-XBRIAN01,C8:D3:FF:A8:5C:1D,,,,,,
NHLEMASTC34A,NHLEMASTC34A,54:BF:64:60:79:35,,,,,,
NHLEMASTC32A,NHLEMASTC32A,54:BF:64:64:25:BA,,,,,,
NHLEMPAD1468A,NHLEMPAD1468A,30:E1:71:80:10:A8,,,,,,
NHLEMDDS2120,NHLEMDDS2120,C8:D3:FF:A8:51:59,,,,,,
NHLEMHHCADM126A,NHLEMHHCADM126A,30:E1:71:7E:4D:70,,,,,,
NHLEMHHCFLT136A,NHLEMHHCFLT136A,DC:4A:3E:55:50:E8,,,,,,
NHLEMHHCDDS117I,NHLEMHHCDDS117I,30:E1:71:80:13:6D,,,,,,
NHLEMPT150A,NHLEMPT150A,30:E1:71:80:A0:1F,,,,,,
NHLEMHHCADM124B,NHLEMHHCADM124B,DC:4A:3E:55:9B:1B,,,,,,
NHLEMMM1120B,NHLEMMM1120B,30:E1:71:81:BD:BD,,,,,,
NHLEMOR2140B,NHLEMOR2140B,DC:4A:3E:55:94:57,,,,,,
NHLEMDDS128D,NHLEMDDS128D,30:E1:71:7F:79:50,,,,,,
NHLEMDDS127G,NHLEMDDS127G,30:E1:71:81:EF:BF,,,,,,
NHLEMDDS128F,NHLEMDDS128F,30:E1:71:80:50:72,,,,,,
NHLEMPT146C,NHLEMPT146C,30:E1:71:80:61:EB,,,,,,
NHLEMUBO02,NHLEMUBO02,30:E1:71:80:A8:14,,,,,,
NHLEMHBO1494,NHLEMHBO1494,3C:52:82:00:55:1C,,,,,,
NHLEMSURG2463C,NHLEMSURG2463C,40:B0:34:FF:8B:89,,,,,,
NHLEMDDS129B,NHLEMDDS129B,DC:4A:3E:55:93:9D,,,,,,
NHLEMBDC411A,NHLEMBDC411A,DC:4A:3E:55:59:03,,,,,,
NHLEMASTC30C,NHLEMASTC30C,54:BF:64:60:8F:19,,,,,,
NHLEMHHCREC121E,NHLEMHHCREC121E,DC:4A:3E:55:95:03,,,,,,
NHLEM-XMA01,NHLEM-XMA01,4C:CC:6A:78:E2:D2,,,,,,
NHLEMOB1460A,NHLEMOB1460A,30:E1:71:80:13:54,,,,,,
NHLEMASTC32C,NHLEMASTC32C,54:BF:64:60:45:21,,,,,,
NHLEMASTC30A,NHLEMASTC30A,54:BF:64:63:68:93,,,,,,
NHLEMASTC32D,NHLEMASTC32D,54:BF:64:63:6A:F9,,,,,,
NHLEMASTC30B,NHLEMASTC30B,54:BF:64:60:78:99,,,,,,
NHLEM-XDDSDIR,NHLEM-XDDSDIR,DC:4A:3E:55:99:CD,,,,,,
NHLEMPAD1480,NHLEMPAD1480,DC:4A:3E:55:58:B3,,,,,,
NHLEM-XAVREC07,NHLEM-XAVREC07,DC:4A:3E:55:96:EE,,,,,,
NHLEMHHCFLT132A,NHLEMHHCFLT132A,30:E1:71:81:5A:4D,,,,,,
NHLEM-XAVCHK05,NHLEM-XAVCHK05,DC:4A:3E:55:53:08,,,,,,
NHLEMSURG2262,NHLEMSURG2262,30:E1:71:81:6E:F2,,,,,,
NHLEMHHCFLT136B,NHLEMHHCFLT136B,DC:4A:3E:55:53:0E,,,,,,
NHLEMHHCFLT151B,NHLEMHHCFLT151B,DC:4A:3E:55:97:13,,,,,,
NHLEMHHCIT155,NHLEMHHCIT155,30:E1:71:80:43:A0,,,,,,
NHLEMDDS127H,NHLEMDDS127H,34:F3:9A:71:21:2C,,,,,,
NHLEMHHCPT101A,NHLEMHHCPT101A,30:E1:71:7F:4F:64,,,,,,
NHLEMHHCFLT110A,NHLEMHHCFLT110A,30:E1:71:7F:9B:99,,,,,,
NHLEMLAB1170E,NHLEMLAB1170E,30:E1:71:80:1A:AA,,,,,,
NHLEMHHCDDS170B,NHLEMHHCDDS170B,30:E1:71:80:0A:74,,,,,,
NHLEMOB1455A,NHLEMOB1455A,30:E1:71:80:E8:EA,,,,,,
NHLEMHHCREC121D,NHLEMHHCREC121D,40:B0:34:10:10:E9,,,,,,
NHLEMFOD1250A,NHLEMFOD1250A,4C:CC:6A:78:EA:53,,,,,,
NHLEMFIS2430C,NHLEMFIS2430C,3C:52:82:00:7C:C4,,,,,,
NHLEMHHCFLT132F,NHLEMHHCFLT132F,30:E1:71:80:14:E6,,,,,,
NHLEMHHCDDS117C,NHLEMHHCDDS117C,4C:CC:6A:78:EA:34,,,,,,
NHLEMOB1456A,NHLEMOB1456A,30:E1:71:7F:EA:08,,,,,,
NHLEMHHCFLT151A,NHLEMHHCFLT151A,DC:4A:3E:55:9B:26,,,,,,
NHLEM-XAVAVT05,NHLEM-XAVAVT05,30:E1:71:80:43:B5,,,,,,
NHLEMOB1454A,NHLEMOB1454A,98:E7:F4:2A:93:08,,,,,,
NHLEMOR2138,NHLEMOR2138,30:E1:71:7F:4F:83,,,,,,
NHLEM-XAVOCC05,NHLEM-XAVOCC05,DC:4A:3E:55:94:DB,,,,,,
NHLEMOPT1336,NHLEMOPT1336,DC:4A:3E:55:53:0A,,,,,,
NHLEMHHCFLT132E,NHLEMHHCFLT132E,30:E1:71:80:82:1D,,,,,,
NHLEMUBO01D,NHLEMUBO01D,DC:4A:3E:55:96:5E,,,,,,
NHLEMUCC1330B,NHLEMUCC1330B,30:E1:71:80:52:36,,,,,,
NHLEMPAD1470C,NHLEMPAD1470C,DC:4A:3E:55:97:E2,,,,,,
NHLEMDDS127B,NHLEMDDS127B,30:E1:71:81:FE:F5,,,,,,
NHLEMFOD1272,NHLEMFOD1272,30:E1:71:80:0C:26,,,,,,
NHLEMDH1202,NHLEMDH1202,C8:D3:FF:A8:5B:64,,,,,,
NHLEM-XIT88,NHLEM-XIT88,0C:C4:7A:CE:08:05,,,,,,
NHLEMDDS105B,NHLEMDDS105B,30:E1:71:81:BE:C0,,,,,,
NHLEMSURG2463A,NHLEMSURG2463A,4C:CC:6A:78:E9:E9,,,,,,
NHLEMDDS131F,NHLEMDDS131F,30:E1:71:80:F0:99,,,,,,
NHLEMHHCPT101B,NHLEMHHCPT101B,DC:4A:3E:54:B5:80,,,,,,
NHLEMDDS128C,NHLEMDDS128C,30:E1:71:7F:4C:65,,,,,,
NHLEM-XAVOCC04,NHLEM-XAVOCC04,30:E1:71:80:E8:B2,,,,,,
NHLEMDDS109B,NHLEMDDS109B,30:E1:71:80:23:AE,,,,,,
NHLEMOR2151,NHLEMOR2151,30:E1:71:80:7A:AD,,,,,,
NHLEMDDS127D,NHLEMDDS127D,30:E1:71:7F:4C:94,,,,,,
NHLEMHHCDDS117H,NHLEMHHCDDS117H,30:E1:71:80:F3:CF,,,,,,
NHLEMAVCHRO103A,NHLEMAVCHRO103A,DC:4A:3E:55:93:A1,,,,,,
NHLEMDDS127C,NHLEMDDS127C,30:E1:71:7F:6D:06,,,,,,
NHLEMHHCOCC173,NHLEMHHCOCC173,DC:4A:3E:54:C2:AC,,,,,,
NHLEMVET01B,NHLEMVET01B,40:B0:34:F6:5C:EA,,,,,,
NHLEMHHCFLT148,NHLEMHHCFLT148,30:E1:71:80:48:5C,,,,,,
NHLEMHBO1497D,NHLEMHBO1497D,DC:4A:3E:55:54:AC,,,,,,
NHLEMBDC410,NHLEMBDC410,DC:4A:3E:54:B5:D9,,,,,,
NHLEMLAB1171,NHLEMLAB1171,30:E1:71:80:D8:74,,,,,,
NHLEMVET04,NHLEMVET04,40:B0:34:F6:5D:A3,,,,,,
NHLEMRAD1242,NHLEMRAD1242,40:B0:34:FF:7B:F7,,,,,,
NHLEMDDS109A,NHLEMDDS109A,30:E1:71:81:FE:58,,,,,,
NHLEMOR2150B,NHLEMOR2150B,DC:4A:3E:54:B5:FC,,,,,,
NHLEM-XAVOCC11,NHLEM-XAVOCC11,30:E1:71:7F:EB:EA,,,,,,
NHLEMDDS131E,NHLEMDDS131E,30:E1:71:80:20:86,,,,,,
NHLEMHHCADM130A,NHLEMHHCADM130A,DC:4A:3E:55:99:CB,,,,,,
NHLEMWC1312,NHLEMWC1312,40:B0:34:FF:6B:AC,,,,,,
NHLEMVET01A,NHLEMVET01A,B8:CA:3A:AC:D1:66,,,,,,
NHLEMHHCFLT156C,NHLEMHHCFLT156C,30:E1:71:7F:9E:8C,,,,,,
NHLEMRAD1238B,NHLEMRAD1238B,4C:CC:6A:78:EA:46,,,,,,
NHLEMBDC405,NHLEMBDC405,30:E1:71:81:FE:3E,,,,,,
NHLEMRAD1262,NHLEMRAD1262,4C:CC:6A:78:E9:2E,,,,,,
NHLEMDDS129A,NHLEMDDS129A,DC:4A:3E:54:B5:23,,,,,,
NHLEMHHCFLT156B,NHLEMHHCFLT156B,F0:D5:BF:FF:7A:EE,,,,,,
NHLEMINFOA,NHLEMINFOA,30:E1:71:80:02:56,,,,,,
NHLEMPAD1470A,NHLEMPAD1470A,DC:4A:3E:55:5A:D7,,,,,,
NHLEMHHCFLT133D,NHLEMHHCFLT133D,30:E1:71:7F:4A:A0,,,,,,
NHLEMDDS115,NHLEMDDS115,DC:4A:3E:55:51:2C,,,,,,
NHLEMIT2374B,NHLEMIT2374B,30:E1:71:80:82:4B,,,,,,
NHLEMVET02D,NHLEMVET02D,40:B0:34:F6:5E:57,,,,,,
NHLEMNAMU417A,NHLEMNAMU417A,30:E1:71:80:B8:FD,,,,,,
NHLEM-VM-44PACS,NHLEM-VM-44PACS,,,,,,,
NHLEM-AP-ECIA,NHLEM-AP-ECIA,C8:1F:66:B8:44:DC,,,,,,
NHLEM-VM-STRPAC,NHLEM-VM-STRPAC,00:0C:29:A7:8F:7A,,,,,,
NHLEM-DB-SQL1,NHLEM-DB-SQL1,14:18:77:6A:13:76,,,,,,
NHLEM-VM-PACS,NHLEM-VM-PACS,00:50:56:95:1F:91,,,,,,
NHLEMQFLOWDB,NHLEMQFLOWDB,00:50:56:88:6A:3F,,,,,,
NHLEM-PSIUTIL,NHLEM-PSIUTIL,94:18:82:78:F5:58,,,,,,
NHLEM-PSUMOD,NHLEM-PSUMOD,94:18:82:78:FF:E4,,,,,,
NHLEM-PSWEB,NHLEM-PSWEB,94:18:82:09:DC:48,,,,,,
NHLEM-PSUTEST,NHLEM-PSUTEST,94:18:82:68:EB:5C,,,,,,
NHLEMARMD,NHLEMARMD,00:15:5D:6D:A4:02,,,,,,
NHLEMARMDVM,NHLEMARMDVM,7C:D3:0A:6C:4C:7B,,,,,,
NHLEMARMDDB,NHLEMARMDDB,00:15:5D:6D:A4:01,,,,,,
NHLEMARMDAPP,NHLEMARMDAPP,00:15:5D:6D:A4:00,,,,,,
NHLEMQFLOW,NHLEMQFLOW,00:50:56:88:4E:DB,,,,,,
NHLEM-VM-VCPACS,NHLEM-VM-VCPACS,00:0C:29:39:BA:5F,,,,,,
NHLEM-AP-DCVMON,NHLEM-AP-DCVMON,14:18:77:42:69:DA,,,,,,
NHLEM-AP-DCVLEM,NHLEM-AP-DCVLEM,14:18:77:42:6A:8B,,,,,,
NHLEM-AP-DCV,NHLEM-AP-DCV,14:18:77:42:59:21,,,,,,
NHLEM-AP-DCVHHC,NHLEM-AP-DCVHHC,14:18:77:42:68:32,,,,,,
NHLEMTS01,NHLEMTS01,,,,,,,
NHLEM-AS-APP,NHLEM-AS-APP,00:50:56:A2:40:84,,,,,,
NHLEM-AP-DCVFAL,NHLEM-AP-DCVFAL,14:18:77:29:5A:06,,,,,,
NHLEM-PS-LAB2,NHLEM-PS-LAB2,50:9A:4C:4C:E4:71,,,,,,
NHLEM-WS-S3,NHLEM-WS-S3,00:50:56:88:46:B5,,,,,,
NHLEMWUGOLD,NHLEMWUGOLD,00:50:56:88:22:F8,,,,,,
NHLEM-BU-CV,NHLEM-BU-CV,AC:16:2D:80:F0:7A,,,,,,
NHLEM-DB-S3,NHLEM-DB-S3,00:50:56:88:04:36,,,,,,
NHLEM-SSRS,NHLEM-SSRS,00:50:56:88:42:40,,,,,,
NHLEM-FS-AT,NHLEM-FS-AT,,,,,,,
NHLEMIT2367,NHLEMIT2367,DC:4A:3E:54:C2:AE,,,,,,
